CREATE TABLE MEM(
   ID VARCHAR2(30),
   PW VARCHAR2(30),
   NICK VARCHAR2(30),
   CONSTRAINT PK_MEM PRIMARY KEY(ID)   
)

INSERT INTO MEM VALUES('cs222','12345','춘식2');
INSERT INTO MEM VALUES('kakaozzang','12345','라이언전무');
INSERT INTO MEM VALUES('pg12345','12345','내이름은핑구');
INSERT INTO MEM VALUES('pg54321','12345','핑구동생핑가');
INSERT INTO MEM VALUES('heon','12345','헌찬킴');

select * from mem;

CREATE TABLE BOARD(
   NUM NUMBER(5),
   NAME VARCHAR2(100),
   WRITER VARCHAR2(30),
   LOCATION VARCHAR2(50),
   CONTENT VARCHAR2(500),
   VIEWS NUMBER(5),
   CONSTRAINT PK_BOARD PRIMARY KEY(NUM),
   CONSTRAINT FK_WRITER FOREIGN KEY(WRITER) REFERENCES MEM(ID) ON DELETE CASCADE
)



CREATE SEQUENCE BOARD_SEQ
       INCREMENT BY 1
       START WITH 1
       MINVALUE 1
       MAXVALUE 9999
       NOCYCLE
       NOCACHE
       NOORDER;

INSERT INTO BOARD VALUES(BOARD_SEQ.NEXTVAL,'동명동 맛집 투어 1탄','cs222','동명동 솔밭솥밥' ,'인스타에서도 유명한 솥밥집',0);
INSERT INTO BOARD VALUES(BOARD_SEQ.NEXTVAL,'핑구의 카페투어 1','pg12345','동명동 스케치' ,'분위기도 넘넘 조코 직원분께서 굉장히 친절하셔서 기분이 좋았어요',0);
INSERT INTO BOARD VALUES(BOARD_SEQ.NEXTVAL,'동명동 맛집 투어 2탄','cs222','동명동 해피치즈스마일' ,'인생 로제!! 중국당면 튀김은 진짜 신세계에용',0);
INSERT INTO BOARD VALUES(BOARD_SEQ.NEXTVAL,'동명동 맛집 투어 3탄','cs222','동명동 게더링' ,'맛있고 분위기도 좋아서 자주 가게 된답니다!',0);
INSERT INTO BOARD VALUES(BOARD_SEQ.NEXTVAL,'핑구의 카페투어 2','pg12345','동명동 도피' ,'인테리어가 멋져요',0);
INSERT INTO BOARD VALUES(BOARD_SEQ.NEXTVAL,'핑구와 핑가의 카페투어 1','pg54321','동명동 티앗' ,'인생 밀크티!',0);
INSERT INTO BOARD VALUES(BOARD_SEQ.NEXTVAL,'동명동 맛집 투어 4탄','cs222','동명동 동백카츠' ,'광주 동명점 분위기 좋은 돈까스 맛집',0);
INSERT INTO BOARD VALUES(BOARD_SEQ.NEXTVAL,'라이언도 맛있게 먹은 핫한 맛집','kakaozzang','동명동 구미구미' ,'동명동 혼밥 하기 좋은 돈까스맛집',0);


CREATE TABLE REPLY(
   NUM NUMBER(5),
   BOARDNUM NUMBER(5),
   CONTENT VARCHAR2(500),
   WRITER VARCHAR2(30),
   CONSTRAINT PK_REPLY PRIMARY KEY(NUM),
   CONSTRAINT FK_BOARDNUM FOREIGN KEY(BOARDNUM) REFERENCES BOARD(NUM) ON DELETE CASCADE,
   CONSTRAINT FK_WRITER_REPLY FOREIGN KEY(WRITER) REFERENCES MEM(ID) ON DELETE CASCADE
)

CREATE SEQUENCE REPLY_SEQ
       INCREMENT BY 1
       START WITH 1
       MINVALUE 1
       MAXVALUE 9999
       NOCYCLE
       NOCACHE
       NOORDER;

INSERT INTO REPLY VALUES(REPLY_SEQ.NEXTVAL, 1,'맛있겠네요 저도 다음에 들려볼게요','pg12345');
INSERT INTO REPLY VALUES(REPLY_SEQ.NEXTVAL, 1,'맛있었던 메뉴도 추천해주세요','kakaozzang');

select * from REPLY;







